İL;İLÇE;TAPU;KADASTRO
ANKARA;ALTINDAĞ;2,5;2
ANKARA;ÇANKAYA;2,5;2
ANKARA;KEÇİÖREN;2,5;2
ANKARA;PURSAKLAR;2,5;2
ANKARA;MAMAK;2,5;2
ANKARA;YENİMAHALLE;2,5;2
ANKARA;GÖLBAŞI (ANKARA);2,5;2
ANKARA;SİNCAN;2,5;2
ANKARA;ETİMESGUT;2,5;2
ANKARA;ÇUBUK;2;0,9
ANKARA;ELMADAĞ;2;0,7
ANKARA;POLATLI;2;0,9
ANKARA;KAZAN;2;0,9
ANKARA;AKYURT;1,8;0,9
ANKARA;KIZILCAHAMAM;1,5;0,9
ANKARA;ŞEREFLİKOÇHİSAR;1,5;0,9
ANKARA;AYAŞ;1,5;0,7
ANKARA;BALA;1,5;0,7
ANKARA;BEYPAZARI;1,5;0,9
ANKARA;HAYMANA;1,5;0,9
ANKARA;KALECİK;1;0,9
ANKARA;NALLIHAN;1,5;0,9
ANKARA;ÇAMLIDERE;1;0,7
ANKARA;GÜDÜL;1;0,5
ANKARA;EVREN;1;0,7
BOLU;BOLU;2;0,9
BOLU;GEREDE;1,5;0,9
BOLU;MENGEN;1,5;0,7
BOLU;MUDURNU;1,5;0,7
BOLU;GÖYNÜK;0,5;0,5
BOLU;KIBRISCIK;0,5;0,5
BOLU;SEBEN;0,5;0,5
BOLU;DÖRTDİVAN;0,5;0,5
BOLU;YENİÇAĞA;1;0,9
ÇANKIRI;ÇANKIRI;2;0,9
ÇANKIRI;ÇERKEŞ;1;0,6
ÇANKIRI;ILGAZ;1;0,6
ÇANKIRI;ELDİVAN;1;0,5
ÇANKIRI;KURŞUNLU;1;0,5
ÇANKIRI;ORTA;1;0,5
ÇANKIRI;ŞABANÖZÜ;1;0,5
ÇANKIRI;YAPRAKLI;0,5;0,5
ÇANKIRI;ATKARACALAR;0,5;0,5
ÇANKIRI;KIZILIRMAK;1;0,5
ÇANKIRI;BAYRAMÖREN;0,5;0,5
ÇANKIRI;KORGUN;0,5;0,5
DÜZCE;DÜZCE;2;0,9
DÜZCE;AKÇAKOCA;1,5;0,9
DÜZCE;KAYNAŞLI;1;0,9
DÜZCE;YIĞILCA;0,5;0,5
DÜZCE;CUMAYERİ;1;0,5
DÜZCE;GÖLYAKA;1;0,5
DÜZCE;ÇİLİMLİ;1;0,5
DÜZCE;GÜMÜŞOVA;1;0,5
KIRIKKALE;KIRIKKALE;2;1,2
KIRIKKALE;KESKİN;1,5;0,7
KIRIKKALE;BAHŞİLİ;1;1,2
KIRIKKALE;BALIŞEYH;1;0,7
KIRIKKALE;YAHŞİHAN;1;1,2
KIRIKKALE;DELİCE;1;0,6
KIRIKKALE;SULAKYURT;1;0,5
KIRIKKALE;ÇELEBİ;0,5;0,5
KIRIKKALE;KARAKEÇİLİ;0,5;0,5
İSTANBUL;ADALAR;2,5;2
İSTANBUL;BAKIRKÖY;2,5;2
İSTANBUL;BEŞİKTAŞ;2,5;2
İSTANBUL;BEYKOZ;2,5;2
İSTANBUL;BEYOĞLU;2,5;2
İSTANBUL;EYÜP;2,5;2
İSTANBUL;FATİH;2,5;2
İSTANBUL;GAZİOSMANPAŞA;2,5;2
İSTANBUL;ARNAVUTKÖY;2,5;2
İSTANBUL;SULTANGAZİ;2,5;2
İSTANBUL;KADIKÖY;2,5;2
İSTANBUL;KARTAL;2,5;2
İSTANBUL;SARIYER;2,5;2
İSTANBUL;ŞİŞLİ;2,5;2
İSTANBUL;ÜSKÜDAR;2,5;2
İSTANBUL;ZEYTİNBURNU;2,5;2
İSTANBUL;ÇATALCA;2,5;2
İSTANBUL;SİLİVRİ;2,5;2
İSTANBUL;ŞİLE;2,5;2
İSTANBUL;BÜYÜKÇEKMECE;2,5;2
İSTANBUL;BEYLİKDÜZÜ;2,5;2
İSTANBUL;ESENYURT;2,5;2
İSTANBUL;SANCAKTEPE;2,5;2
İSTANBUL;ÇEKMEKÖY;2,5;2
İSTANBUL;ATAŞEHİR;2,5;2
İSTANBUL;BAŞAKŞEHİR;2,5;2
İSTANBUL;BAYRAMPAŞA;2,5;2
İSTANBUL;PENDİK;2,5;2
İSTANBUL;KÜÇÜKÇEKMECE;2,5;2
İSTANBUL;ÜMRANİYE;2,5;2
İSTANBUL;KAĞITHANE;2,5;2
İSTANBUL;AVCILAR;2,5;2
İSTANBUL;BAĞCILAR;2,5;2
İSTANBUL;BAHÇELİEVLER;2,5;2
İSTANBUL;GÜNGÖREN;2,5;2
İSTANBUL;MALTEPE;2,5;2
İSTANBUL;SULTANBEYLİ;2,5;2
İSTANBUL;TUZLA;2,5;2
İSTANBUL;ESENLER;2,5;2
KOCAELİ;İZMİT;2,5;1,5
KOCAELİ;KARTEPE;2,5;1,5
KOCAELİ;BAŞİSKELE;2,5;1,5
KOCAELİ;GEBZE;2,5;1,2
KOCAELİ;DİLOVASI;2,5;1,2
KOCAELİ;DARICA;2,5;1,2
KOCAELİ;ÇAYIROVA;2,5;1,2
KOCAELİ;GÖLCÜK;2;1,2
KOCAELİ;DERİNCE;1,8;0,9
KOCAELİ;KÖRFEZ;2;1,2
KOCAELİ;KANDIRA;1,5;0,9
KOCAELİ;KARAMÜRSEL;1,5;1,2
SAKARYA;ADAPAZARI;2,5;1,5
SAKARYA;SERDİVAN;2,5;1,2
SAKARYA;ARİFİYE;2,5;1,2
SAKARYA;ERENLER;2,5;1,2
SAKARYA;AKYAZI;1,5;1,2
SAKARYA;GEYVE;1,5;1,2
SAKARYA;HENDEK;1,5;1,2
SAKARYA;KARASU;1,5;1,2
SAKARYA;KAYNARCA;1,5;1
SAKARYA;SAPANCA;1,5;1,2
SAKARYA;KOCAALİ;1,5;1
SAKARYA;PAMUKOVA;1;1,2
SAKARYA;TARAKLI;0,5;0,5
SAKARYA;KARAPÜRÇEK;0,5;0,5
SAKARYA;FERİZLİ;1;1
SAKARYA;SÖĞÜTLÜ;1;1
AYDIN;EFELER;2,5;1,5
AYDIN;KUŞADASI;2,5;1,5
AYDIN;NAZİLLİ;2,5;0,9
AYDIN;SÖKE;2,5;0,9
AYDIN;YENİHİSAR;2,5;0,9
AYDIN;BOZDOĞAN;1,5;0,9
AYDIN;ÇİNE;1,5;0,9
AYDIN;GERMENCİK;1,5;0,9
AYDIN;KARACASU;1,5;0,9
AYDIN;KOÇARLI;1,5;0,9
AYDIN;KUYUCAK;1,5;0,9
AYDIN;SULTANHİSAR;1,5;0,9
AYDIN;İNCİRLİOVA;1,5;0,9
AYDIN;YENİPAZAR (AYDIN);1;0,5
AYDIN;BUHARKENT;1;0,5
AYDIN;KARPUZLU;1;0,5
AYDIN;KÖŞK;1;0,8
İZMİR;BORNOVA;2,5;2
İZMİR;KARŞIYAKA;2,5;2
İZMİR;BAYRAKLI;2,5;2
İZMİR;KARABAĞLAR;2,5;2
İZMİR;ALİAĞA;2,5;1,5
İZMİR;BERGAMA;2,5;1,5
İZMİR;ÇEŞME;2,5;1,5
İZMİR;DİKİLİ;2,5;1,5
İZMİR;BUCA;2,5;2
İZMİR;KONAK;2,5;2
İZMİR;BALÇOVA;2,5;2
İZMİR;ÇİĞLİ;2,5;2
İZMİR;GAZİEMİR;2,5;2
İZMİR;NARLIDERE;2,5;2
İZMİR;GÜZELBAHÇE;2,5;2
İZMİR;BAYINDIR;2;0,9
İZMİR;FOÇA;2;0,9
İZMİR;KEMALPAŞA;2;1,5
İZMİR;MENEMEN;2;0,9
İZMİR;ÖDEMİŞ;2;0,9
İZMİR;SEFERİHİSAR;2;1,5
İZMİR;SELÇUK;2;1,5
İZMİR;TİRE;2;0,9
İZMİR;TORBALI;2;0,9
İZMİR;URLA;2;1,5
İZMİR;MENDERES;2;1,5
İZMİR;KARABURUN;1,5;0,9
İZMİR;KINIK;1,5;0,9
İZMİR;KİRAZ;1,5;0,9
İZMİR;BEYDAĞ;1;0,9
MANİSA;ŞEHZADELER;2,5;1,5
MANİSA;YUNUSEMRE;2,5;1,5
MANİSA;AKHİSAR;2;0,9
MANİSA;ALAŞEHİR;2;0,9
MANİSA;SALİHLİ;2;0,9
MANİSA;TURGUTLU;2;0,9
MANİSA;KULA;1,5;0,5
MANİSA;SARIGÖL;1,5;0,9
MANİSA;SARUHANLI;1,5;0,9
MANİSA;SOMA;1,5;0,9
MANİSA;DEMİRCİ;1;0,9
MANİSA;GÖRDES;1;0,5
MANİSA;KIRKAĞAÇ;1;0,5
MANİSA;SELENDİ;1;0,5
MANİSA;AHMETLİ;1;0,9
MANİSA;GÖLMARMARA;1;0,8
MANİSA;KÖPRÜBAŞI(MANİSA);1;0,5
BALIKESİR;BANDIRMA;2,5;1,5
BALIKESİR;KARESİ;2,5;1,5
BALIKESİR;ALTIEYLÜL;2,5;1,5
BALIKESİR;AYVALIK;2;1,5
BALIKESİR;BURHANİYE;2,5;1,5
BALIKESİR;EDREMİT(BALIKESİR);2,5;1,5
BALIKESİR;ERDEK;2;1,5
BALIKESİR;GÖNEN(BALIKESİR);2;1,2
BALIKESİR;GÖMEÇ;2;1,2
BALIKESİR;BİGADİÇ;1,5;0,7
BALIKESİR;DURSUNBEY;1,5;0,7
BALIKESİR;HAVRAN;1,5;1,2
BALIKESİR;İVRİNDİ;1;0,7
BALIKESİR;KEPSUT;1;0,7
BALIKESİR;MANYAS;1,5;0,9
BALIKESİR;SUSURLUK;1,5;1,2
BALIKESİR;MARMARA;1,5;1,2
BALIKESİR;BALYA;1;0,5
BALIKESİR;SAVAŞTEPE;1;0,7
BALIKESİR;SINDIRGI;1;0,7
BURSA;OSMANGAZİ;2,5;2
BURSA;GEMLİK;2;1,5
BURSA;MUDANYA;2;1,5
BURSA;ORHANGAZİ;2;1,5
BURSA;NİLÜFER;2,5;2
BURSA;YILDIRIM;2,5;2
BURSA;İNEGÖL;2;1,2
BURSA;İZNİK;1,5;1,2
BURSA;KARACABEY;2;1,2
BURSA;MUSTAFAKEMALPAŞA;2;1,5
BURSA;YENİŞEHİR;2;1,2
BURSA;GÜRSU;2;1,5
BURSA;KESTEL;2;1,2
BURSA;KELES;0,5;0,5
BURSA;ORHANELİ;1;0,7
BURSA;BÜYÜKORHAN;0,5;0,6
BURSA;HARMANCIK;0,5;0,6
ÇANAKKALE;ÇANAKKALE;2,5;1,5
ÇANAKKALE;AYVACIK(ÇANAKKALE);1,5;1,2
ÇANAKKALE;BİGA;2;1,2
ÇANAKKALE;BOZCAADA;2;1,2
ÇANAKKALE;ECEBAT;2;1,2
ÇANAKKALE;EZİNE;1,5;0,9
ÇANAKKALE;GELİBOLU;2;1,2
ÇANAKKALE;GÖKÇEADA;2;1,2
ÇANAKKALE;LAPSEKİ;2;1,2
ÇANAKKALE;ÇAN;1,5;1
ÇANAKKALE;BAYRAMİÇ;1;0,7
ÇANAKKALE;YENİCE(ÇANAKKALE);1;0,7
YALOVA;YALOVA;2,5;2
YALOVA;ALTINOVA;2;1,5
YALOVA;ARMUTLU;2;1,5
YALOVA;ÇINARCIK;2;1,5
YALOVA;ÇİFTLİKKÖY;2;1,5
YALOVA;TERMAL;2;1,5
AKSARAY;AKSARAY;2,5;0,9
AKSARAY;ORTAKÖY (AKSARAY);1;0,7
AKSARAY;GÜZELYURT;0,5;0,5
AKSARAY;ESKİL;1;0,6
AKSARAY;GÜLAĞAÇ;1;0,6
AKSARAY;AĞAÇÖREN;0,5;0,6
AKSARAY;SARIYAHŞİ;0,5;0,6
AKSARAY;SULTANHANI;1;0,7
KARAMAN;KARAMAN;2,5;0,9
KARAMAN;ERMENEK;1;0,5
KARAMAN;AYRANCI;1;0,6
KARAMAN;KAZIMKARABEKİR;1;0,5
KARAMAN;BAŞYAYLA;0,5;0,5
KARAMAN;SARIVELİLER;0,5;0,5
KONYA;KARATAY;2,5;1,5
KONYA;SELÇUKLU;2,5;1,5
KONYA;MERAM;2,5;1,5
KONYA;AKŞEHİR;2;0,9
KONYA;BEYŞEHİR;2;0,7
KONYA;CİHANBEYLİ;1,5;0,7
KONYA;ÇUMRA;1,5;0,7
KONYA;EREĞLİ(KONYA);2;0,9
KONYA;ILGIN;1,5;0,7
KONYA;KADINHANI;1,5;0,7
KONYA;KULU;1,5;0,6
KONYA;SARAYÖNÜ;1,5;0,6
KONYA;YUNAK;1,5;0,6
KONYA;ALTINEKİN;1,5;0,7
KONYA;KARAPINAR;1,5;0,7
KONYA;SEYDİŞEHİR;1,5;1
KONYA;AKÖREN;1,5;0,6
KONYA;HÜYÜK;1,5;0,6
KONYA;BOZKIR;1;0,6
KONYA;DOĞANHİSAR;1;0,6
KONYA;HADIM;1;0,6
KONYA;ÇELTİK;1;0,6
KONYA;DERBENT;1;0,6
KONYA;EMİRGAZİ;1;0,6
KONYA;GÜNEYSINIR;1;0,6
KONYA;HALKPINAR;1;0,6
KONYA;TUZLUKÇU;1;0,6
KONYA;DEREBUCAK;0,5;0,6
KONYA;TAŞKENT;1;0,6
KONYA;AHIRLI;1;0,6
KONYA;YALIHÜYÜK;1;0,5
ANTALYA;KONYAALTI;2,5;2
ANTALYA;MURATPAŞA;2,5;2
ANTALYA;AKSU (ANTALYA);2,5;2
ANTALYA;KEPEZ;2,5;2
ANTALYA;DÖŞEMEALTI;2,5;2
ANTALYA;ALANYA;2,5;2
ANTALYA;MANAVGAT;2,5;1,5
ANTALYA;SERİK;2,5;1,5
ANTALYA;KEMER (ANTALYA);2,5;1,5
ANTALYA;FİNİKE;2;1,5
ANTALYA;GAZİPAŞA;1,5;1,2
ANTALYA;KAŞ;2,5;1,5
ANTALYA;KORKUTELİ;2;1
ANTALYA;KUMLUCA;2;1,5
ANTALYA;DEMRE (KALE-ANT.);2;1,2
ANTALYA;ELMALI;1,5;0,7
ANTALYA;AKSEKİ;1;0,5
ANTALYA;GÜNDOĞMUŞ;1;0,5
ANTALYA;İBRADI;0,5;0,4
BURDUR;BURDUR;2;0,9
BURDUR;BUCAK;2;0,6
BURDUR;GÖLHİSAR;1;0,6
BURDUR;AĞLASUN;1;0,6
BURDUR;TEFENNİ;1;0,6
BURDUR;YEŞİLOVA;1;0,6
BURDUR;KARAMANLI;0,5;0,6
BURDUR;KEMER (BURDUR);0,5;0,4
BURDUR;ALTINYAYLA (BURDUR);0,5;0,4
BURDUR;ÇAVDIR;1;0,4
BURDUR;ÇELTİKÇİ;0,5;0,4
ISPARTA;ISPARTA;2,5;0,9
ISPARTA;EĞİRDİR;1,5;0,7
ISPARTA;YALVAÇ;1,5;0,6
ISPARTA;ATABEY;0,5;0,6
ISPARTA;GELENDOST;1;0,5
ISPARTA;KEÇİBORLU;1,5;0,5
ISPARTA;SENİRKENT;1;0,5
ISPARTA;SÜTÇÜLER;0,5;0,4
ISPARTA;ŞARKİKARAAĞAÇ;1,5;0,5
ISPARTA;ULUBORLU;0,5;0,5
ISPARTA;AKSU (ISPARTA);0,5;0,4
ISPARTA;GÖNEN (ISPARTA);1;0,6
ISPARTA;YENİŞARBADEMLİ;0,5;0,4
BATMAN;BATMAN;2;1
BATMAN;BEŞİRİ;0,5;0,4
BATMAN;GERCÜŞ;0,5;0,4
BATMAN;HASANKEYF;0,5;0,4
BATMAN;KOZLUK;0,5;0,4
BATMAN;SASON;0,5;0,4
DİYARBAKIR;YENİŞEHİR;2,5;1,5
DİYARBAKIR;KARAPINAR;2,5;1,5
DİYARBAKIR;BAĞLAR;2,5;1,5
DİYARBAKIR;SUR;2,5;1,5
DİYARBAKIR;BİSMİL;1,5;0,5
DİYARBAKIR;ERGANİ;1,5;0,7
DİYARBAKIR;SİLVAN;1;0,5
DİYARBAKIR;ÇINAR;1;0,5
DİYARBAKIR;ÇERMİK;0,5;0,4
DİYARBAKIR;ÇÜNGÜŞ;0,5;0,4
DİYARBAKIR;DİCLE;0,5;0,4
DİYARBAKIR;HANİ;0,5;0,4
DİYARBAKIR;HAZRO;0,5;0,4
DİYARBAKIR;KULP;0,5;0,4
DİYARBAKIR;LİCE;0,5;0,4
DİYARBAKIR;EĞİL;0,5;0,4
DİYARBAKIR;KOCAKÖY;0,5;0,4
SİİRT;SİİRT;2;1
SİİRT;KURTALAN;1;0,5
SİİRT;BAYKAN;0,5;0,4
SİİRT;ERUH;0,5;0,4
SİİRT;PERVARİ;0,5;0,4
SİİRT;ŞİRVAN;0,5;0,4
SİİRT;AYDINLAR;0,5;0,4
ŞIRNAK;ŞIRNAK;1,5;0,7
ŞIRNAK;CİZRE;1;0,4
ŞIRNAK;İDİL;0,5;0,4
ŞIRNAK;SİLOPİ;0,5;0,4
ŞIRNAK;BEYTÜŞŞEBAP;0,5;0,4
ŞIRNAK;GÜÇLÜKONAK;0,5;0,4
ŞIRNAK;ULUDERE;0,5;0,4
AĞRI;AĞRI;2;0,6
AĞRI;DOĞUBEYAZIT;1,5;0,5
AĞRI;ELEŞKİRT;0,5;0,5
AĞRI;PATNOS;1;0,5
AĞRI;DİYADİN;0,5;0,4
AĞRI;HAMUR;0,5;0,4
AĞRI;TAŞLIÇAY;0,5;0,4
AĞRI;TUTAK;0,5;0,4
ARDAHAN;ARDAHAN;2;0,5
ARDAHAN;ÇILDIR;0,5;0,4
ARDAHAN;DAMAL;0,5;0,3
ARDAHAN;GÖLE;0,5;0,5
ARDAHAN;HANAK;0,5;0,4
ARDAHAN;POSOF;0,5;0,5
ERZİNCAN;ERZİNCAN;2;0,9
ERZİNCAN;İLİÇ;0,5;0,4
ERZİNCAN;TERCAN;1;0,5
ERZİNCAN;ÜZÜMLÜ;0,5;0,5
ERZİNCAN;ÇAYIRLI;0,5;0,4
ERZİNCAN;KEMAH;0,5;0,3
ERZİNCAN;KEMALİYE;0,5;0,3
ERZİNCAN;REFAHİYE;0,5;0,4
ERZİNCAN;OTLUKBELİ;0,5;0,3
ERZURUM;YAKUTİYE;2,5;0,9
ERZURUM;PALANDÖKEN;2,5;0,6
ERZURUM;AZİZİYE;2,5;0,6
ERZURUM;PASİNLER;1,5;0,5
ERZURUM;AŞKALE;1;0,5
ERZURUM;HORASAN;1;0,5
ERZURUM;OLTU;1;0,5
ERZURUM;NARMAN;0,5;0,4
ERZURUM;HINIS;0,5;0,4
ERZURUM;ÇAT;0,5;0,4
ERZURUM;İSPİR;0,5;0,5
ERZURUM;KARAYAZI;0,5;0,4
ERZURUM;OLUR;0,5;0,3
ERZURUM;ŞENKAYA;0,5;0,3
ERZURUM;TEKMAN;0,5;0,4
ERZURUM;TORTUM;0,5;0,5
ERZURUM;KARAÇOBAN;0,5;0,3
ERZURUM;UZUNDERE;0,5;0,5
ERZURUM;KÖPRÜKÖY;0,5;0,5
ERZURUM;PAZARYOLU;0,5;0,5
IĞDIR;IĞDIR;2;0,9
IĞDIR;KARAKOYUNLU;0,5;0,5
IĞDIR;ARALIK;0,5;0,5
IĞDIR;TUZLUCA;0,5;0,5
KARS;KARS;2;0,5
KARS;ARPAÇAY;0,5;0,5
KARS;DİGOR;0,5;0,4
KARS;KAĞIZMAN;0,5;0,5
KARS;SARIKAMIŞ;0,5;0,5
KARS;SELİM;0,5;0,5
KARS;SUSUZ;0,5;0,5
KARS;AKYAKA;0,5;0,5
ARTVİN;ARTVİN;1,5;1
ARTVİN;ARHAVİ;1,5;0,6
ARTVİN;HOPA;1,5;0,6
ARTVİN;BORÇKA;1;0,6
ARTVİN;ARDANUÇ;0,5;0,4
ARTVİN;ŞAVŞAT;0,5;0,5
ARTVİN;YUSUFELİ;0,5;0,4
ARTVİN;MURGUL;0,5;0,4
ARTVİN;KEMALPAŞA;1,5;0,6
BAYBURT;BAYBURT;1,5;0,6
BAYBURT;AYDINTEPE;0,5;0,4
BAYBURT;DEMİRÖZÜ;0,5;0,4
GİRESUN;GİRESUN;2;0,9
GİRESUN;BULANCAK;1,5;0,7
GİRESUN;TİREBOLU;1,5;0,7
GİRESUN;ESPİYE;1;0,4
GİRESUN;EYNESİL;1;0,7
GİRESUN;GÖRELE;1;0,7
GİRESUN;KEŞAP;1;0,7
GİRESUN;ŞEBİNKARAHİSAR;1;0,4
GİRESUN;PİRAZİZ;1;0,6
GİRESUN;ALUCRA;0,5;0,4
GİRESUN;DERELİ;0,5;0,4
GİRESUN;YAĞLIDERE;0,5;0,4
GİRESUN;ÇANAKÇI;0,5;0,4
GİRESUN;GÜCE;0,5;0,4
GİRESUN;ÇAMOLUK;0,5;0,4
GİRESUN;DOĞANKENT;0,5;0,4
GÜMÜŞHANE;GÜMÜŞHANE;1,5;0,6
GÜMÜŞHANE;KELKİT;1;0,5
GÜMÜŞHANE;ŞİRAN;1;0,4
GÜMÜŞHANE;TORUL;0,5;0,4
GÜMÜŞHANE;KÖSE;0,5;0,4
GÜMÜŞHANE;KÜRTÜN;0,5;0,4
RİZE;RİZE;2;0,7
RİZE;ARDEŞEN;1;0,7
RİZE;ÇAYELİ;1;0,6
RİZE;FINDIKLI;1;0,6
RİZE;PAZAR (RİZE);1;0,6
RİZE;ÇAMLIHEMŞİN;0,5;0,3
RİZE;İKİZDERE;0,5;0,3
RİZE;KALKANDERE;0,5;0,4
RİZE;GÜNEYSU;0,5;0,4
RİZE;DEREPAZARI;0,5;0,5
RİZE;HEMŞİN;0,5;0,3
RİZE;İYİDERE;0,5;0,5
TRABZON;ORTAHİSAR;2,5;1,5
TRABZON;AKÇAABAT;2;0,9
TRABZON;ARAKLI;1;0,7
TRABZON;ARSİN;1;0,7
TRABZON;MAÇKA;1;0,5
TRABZON;OF;1;0,7
TRABZON;SÜRMENE;1;0,7
TRABZON;VAKFIKEBİR;1;0,7
TRABZON;YOMRA;1;0,7
TRABZON;BEŞİKDÜZÜ;1;0,7
TRABZON;ÇARŞIBAŞI;1;0,7
TRABZON;ÇAYKARA;0,5;0,5
TRABZON;TONYA;0,5;0,5
TRABZON;ŞALPAZARI;0,5;0,5
TRABZON;DERNEKPAZARI;0,5;0,4
TRABZON;DÜZKÖY;0,5;0,4
TRABZON;HAYRAT;0,5;0,4
TRABZON;KÖPRÜBAŞI(TRABZON);0,5;0,4
AMASYA;AMASYA;2;0,9
AMASYA;MERZİFON;2;0,9
AMASYA;SULUOVA;1,5;0,9
AMASYA;GÜMÜŞHACIKÖY;1;0,5
AMASYA;TAŞOVA;1;0,5
AMASYA;GÖYNÜCEK;0,5;0,5
AMASYA;HAMAMÖZÜ;0,5;0,5
ORDU;ALTINORDU;2,5;1,2
ORDU;FATSA;1,5;1,2
ORDU;ÜNYE;2;1,2
ORDU;PERŞEMBE;1;1,2
ORDU;GÜLYALI;1;0,9
ORDU;AKKUŞ;0,5;0,5
ORDU;AYBASTI;0,5;0,5
ORDU;GÖLKÖY;0,5;0,5
ORDU;KORGAN;0,5;0,5
ORDU;KUMRU;0,5;0,5
ORDU;ULUBEY(ORDU);0,5;0,5
ORDU;GÜRGENTEPE;0,5;0,5
ORDU;ÇAMAŞ;0,5;0,5
ORDU;ÇATALPINAR;0,5;0,5
ORDU;ÇAYBAŞI;0,5;0,5
ORDU;İKİZCE;0,5;0,5
ORDU;KARADÜZ;0,5;0,5
ORDU;KABATAŞ;0,5;0,5
ORDU;MESUDİYE;0,5;0,5
SAMSUN;İLKADIM;2,5;1,5
SAMSUN;CANİK;2,5;1,5
SAMSUN;ATAKUM;2,5;1,5
SAMSUN;BAFRA;2;1,2
SAMSUN;ÇARŞAMBA;2;1,2
SAMSUN;TEKKEKÖY;1,5;1,2
SAMSUN;HAVZA;1,5;0,6
SAMSUN;TERME;1,5;1,2
SAMSUN;VEZİRKÖPRÜ;1,5;0,5
SAMSUN;ONDOKUZ MAYIS;1;1,2
SAMSUN;ALAÇAM;1;0,9
SAMSUN;KAVAK;1;0,6
SAMSUN;LADİK;1;0,5
SAMSUN;YAKAKENT;1;0,9
SAMSUN;SALIPAZARI;0,5;0,5
SAMSUN;AYVACIK(SAMSUN);0,5;0,5
SAMSUN;ASARCIK;0,5;0,5
SİNOP;SİNOP;2;0,7
SİNOP;BOYABAT;1,5;0,7
SİNOP;GERZE;1,5;0,7
SİNOP;AYANCIK;1;0,6
SİNOP;TÜRKELİ;1;0,5
SİNOP;DURAĞAN;0,5;0,5
SİNOP;ERFELEK;0,5;0,6
SİNOP;SARAYDÜZÜ;0,5;0,5
SİNOP;DİKMEN;0,5;0,5
KAYSERİ;TALAS;2;1,5
KAYSERİ;KOCASİNAN;2,5;1,5
KAYSERİ;MELİKGAZİ;2,5;1,5
KAYSERİ;HACILAR;1,5;1,3
KAYSERİ;BÜNYAN;1,5;0,7
KAYSERİ;DEVELİ;1,5;0,7
KAYSERİ;İNCESU;1,5;0,6
KAYSERİ;PINARBAŞI (KAYSERİ);1,5;0,6
KAYSERİ;FELAHİYE;1;0,5
KAYSERİ;SARIOĞLAN;1;0,5
KAYSERİ;TOMARZA;1;0,5
KAYSERİ;YAHYALI;1;0,6
KAYSERİ;YEŞİLHİSAR;1;0,6
KAYSERİ;SARIZ;0,5;0,5
KAYSERİ;AKKIŞLA;0,5;0,5
KAYSERİ;ÖZVATAN;0,5;0,5
KIRŞEHİR;KIRŞEHİR;2;0,7
KIRŞEHİR;ÇİÇEKDAĞI;1,5;0,5
KIRŞEHİR;KAMAN;1,5;0,7
KIRŞEHİR;MUCUR;1,5;0,7
KIRŞEHİR;AKPINAR;1;0,5
KIRŞEHİR;BOZTEPE;1;0,5
KIRŞEHİR;AKÇAKENT;0,5;0,5
NEVŞEHİR;NEVŞEHİR;2;0,9
NEVŞEHİR;AVANOS;1,5;0,9
NEVŞEHİR;ÜRGÜP;1,5;1,5
NEVŞEHİR;GÜLŞEHİR;1,5;0,7
NEVŞEHİR;DERİNKUYU;1;0,6
NEVŞEHİR;HACIBEKTAŞ;1;0,6
NEVŞEHİR;KOZAKLI;1;0,6
NEVŞEHİR;ACIGÖL;1;0,6
NİĞDE;NİĞDE;2,5;0,9
NİĞDE;BOR;2;0,9
NİĞDE;ALTUNHİSAR;1;0,6
NİĞDE;ÇAMARDI;1;0,6
NİĞDE;ÇİFTLİK;1;0,6
NİĞDE;ULUKIŞLA;1;0,6
ADANA;SEYHAN;2,5;1,5
ADANA;ÇUKUROVA;2,5;1,5
ADANA;CEYHAN;2,5;1,5
ADANA;YÜREĞİR;2,5;1,5
ADANA;SARIÇAM;2,5;1,5
ADANA;KARAİSALI;1,5;0,5
ADANA;KARATAŞ;2;0,9
ADANA;KOZAN;2;0,7
ADANA;POZANTI;1,5;0,9
ADANA;YUMURTALIK;1,5;1
ADANA;İMAMOĞLU;1,5;0,7
ADANA;TUFANBEYLİ;1;0,5
ADANA;FEKE;0,5;0,5
ADANA;SAİMBEYLİ;0,5;0,5
ADANA;ALADAĞ;0,5;0,5
HATAY;ANTAKYA;2,5;1,5
HATAY;DEFNE;2,5;1,5
HATAY;ARSUZ;2,5;1,5
HATAY;PAYAS;2,5;1,5
HATAY;İSKENDERUN;2,5;1,2
HATAY;DÖRTYOL;2;1,2
HATAY;KIRIKHAN;2;1
HATAY;REYHANLI;1,5;0,9
HATAY;SAMANDAĞI;2;0,9
HATAY;ERZİN;1,5;1
HATAY;BELEN;1,5;0,9
HATAY;ALTINÖZÜ;1,5;0,7
HATAY;HASSA;1;0,5
HATAY;YAYLADAĞI;1;0,5
HATAY;KUMLU;1;0,5
MERSİN;YENİŞEHİR;2,5;1,5
MERSİN;ANAMUR;2;1,2
MERSİN;ERDEMLİ;2,5;1,2
MERSİN;SİLİFKE;2;1,2
MERSİN;TARSUS;2,5;1,2
MERSİN;AYDINCIK (İÇEL);1,8;0,7
MERSİN;BOZYAZI;1,8;0,7
MERSİN;MUT;2;0,5
MERSİN;GÜLNAR;1;0,5
MERSİN;ÇAMLIYAYLA;1;0,5
MERSİN;AKDENİZ;2,5;1,5
MERSİN;TOROSLAR;2,5;1,5
MERSİN;MEZİTLİ;2,5;1,5
OSMANİYE;OSMANİYE;2;1,2
OSMANİYE;TOPRAKKALE;1,8;1
OSMANİYE;KADİRLİ;2;0,7
OSMANİYE;DÜZİÇİ;1,5;0,7
OSMANİYE;BAHÇE;1;0,7
OSMANİYE;SUMBAS;0,5;0,5
OSMANİYE;HASANBEYLİ;0,5;0,8
GAZİANTEP;ŞEHİTKAMİL;2,5;1,5
GAZİANTEP;ŞAHİNBEY;2,5;1,5
GAZİANTEP;NİZİP;2;1,2
GAZİANTEP;OĞUZELİ;1,8;0,9
GAZİANTEP;İSLAHİYE;1,5;1,2
GAZİANTEP;NURDAĞI;1;0,9
GAZİANTEP;ARABAN;1;0,6
GAZİANTEP;YAVUZELİ;1;0,6
GAZİANTEP;KARKAMIŞ;1;0,9
K.MARAŞ;DULKADİROĞLU;2,5;1,5
K.MARAŞ;ONİKİŞUBAT;2,5;1,5
K.MARAŞ;ELBİSTAN;2;1,2
K.MARAŞ;AFŞİN;1,5;1,2
K.MARAŞ;GÖKSUN;1,5;0,9
K.MARAŞ;ANDIRIN;1;0,6
K.MARAŞ;PAZARCIK;1,5;0,7
K.MARAŞ;TÜRKOĞLU;1;1,2
K.MARAŞ;ÇAĞLIYANCERİT;0,5;0,6
K.MARAŞ;NURHAK;0,5;0,6
K.MARAŞ;EKİNÖZÜ;0,5;0,6
KİLİS;KİLİS;2;1,2
KİLİS;ELBEYLİ;0,5;0,9
KİLİS;MUSABEYLİ;0,5;0,7
KİLİS;POLATELİ;0,5;0,7
EDİRNE;EDİRNE;2,5;1,2
EDİRNE;İPSALA;2;0,9
EDİRNE;KEŞAN;2;0,9
EDİRNE;UZUNKÖPRÜ;2;0,9
EDİRNE;ENEZ;1,5;0,9
EDİRNE;HAVSA;1,5;0,9
EDİRNE;LALAPAŞA;1,5;0,6
EDİRNE;MERİÇ;1;0,9
EDİRNE;SÜLOĞLU;1;0,9
KIRKLARELİ;KIRKLARELİ;2;1,2
KIRKLARELİ;LÜLEBURGAZ;2;0,9
KIRKLARELİ;BABAESKİ;2;0,9
KIRKLARELİ;VİZE;1,5;0,6
KIRKLARELİ;PEHLİVANKÖY;0,5;0,6
KIRKLARELİ;PINARHİSAR;1;0,7
KIRKLARELİ;DEMİRKÖY;0,5;0,6
KIRKLARELİ;KOFÇAZ;1;0,9
TEKİRDAĞ;SÜLEYMANPAŞA;2,5;1,2
TEKİRDAĞ;KAPAKLI;2,5;1,2
TEKİRDAĞ;ERGENE;1;1,2
TEKİRDAĞ;ÇERKEZKÖY;2,5;1,2
TEKİRDAĞ;ÇORLU;2,5;1,2
TEKİRDAĞ;HAYRABOLU;2;0,7
TEKİRDAĞ;MALKARA;2;0,7
TEKİRDAĞ;MURATLI;1,5;0,7
TEKİRDAĞ;SARAY (TEKİRDAĞ);2;0,7
TEKİRDAĞ;MARMARA EREĞLİSİ;2;1,2
TEKİRDAĞ;ŞARKÖY;2;1,2
BİTLİS;BİTLİS;2;0,6
BİTLİS;TATVAN;1,5;0,4
BİTLİS;ADİLCEVAZ;1;0,4
BİTLİS;AHLAT;1;0,4
BİTLİS;GÜROYMAK;1;0,4
BİTLİS;HİZAN;0,5;0,4
BİTLİS;MUTKİ;0,5;0,4
HAKKARİ;HAKKARİ;1,5;0,6
HAKKARİ;YÜKSEKOVA;1;0,4
HAKKARİ;ÇUKURCA;0,5;0,4
HAKKARİ;ŞEMDİNLİ;0,5;0,4
HAKKARİ;DERECİK;0,5;0,4
MUŞ;MUŞ;2;0,6
MUŞ;BULANIK;1;0,4
MUŞ;VARTO;1;0,4
MUŞ;MALAZGİRT;1;0,4
MUŞ;HASKÖY;0,5;0,4
MUŞ;KORKUT;0,5;0,4
VAN;İPEKYOLU;2;0,9
VAN;TUŞBA;2;0,9
VAN;ERCİŞ;1,5;0,5
VAN;EDREMİT (VAN);1;0,5
VAN;GEVAŞ;0,5;0,4
VAN;MURADİYE;1;0,4
VAN;ÖZALP;1;0,4
VAN;BAŞKALE;0,5;0,5
VAN;GÜRPINAR;0,5;0,4
VAN;ÇATAK;0,5;0,4
VAN;ÇALDIRAN;0,5;0,4
VAN;BAHÇESARAY;0,5;0,4
VAN;SARAY (VAN);0,5;0,4
BİNGÖL;BİNGÖL;2;0,6
BİNGÖL;KARLIOVA;0,5;0,4
BİNGÖL;GENÇ;0,5;0,4
BİNGÖL;KIĞI;0,5;0,4
BİNGÖL;SOLHAN;0,5;0,4
BİNGÖL;ADAKLI;0,5;0,4
BİNGÖL;YAYLADERE;0,5;0,4
BİNGÖL;YEDİSU;0,5;0,4
ELAZIĞ;ELAZIĞ;2,5;0,7
ELAZIĞ;KOVANCILAR;1;0,5
ELAZIĞ;BASKİL;0,5;0,5
ELAZIĞ;KARAKOÇAN;1;0,5
ELAZIĞ;AĞIN;0,5;0,4
ELAZIĞ;KEBAN;0,5;0,4
ELAZIĞ;MADEN;0,5;0,4
ELAZIĞ;PALU;0,5;0,4
ELAZIĞ;SİVRİCE;0,5;0,5
ELAZIĞ;ARICAK;0,5;0,4
ELAZIĞ;ALACAKAYA;0,5;0,4
MALATYA;YEŞİLYURT (MALATYA);1,9;0,9
MALATYA;BATTALGAZİ;1,9;0,9
MALATYA;DARENDE;1,5;0,6
MALATYA;DOĞANŞEHİR;1,5;0,6
MALATYA;AKÇADAĞ;1;0,6
MALATYA;ARGUVAN;1;0,6
MALATYA;HEKİMHAN;1;0,6
MALATYA;YAZIHAN;1;0,4
MALATYA;ARAPGİR;0,5;0,6
MALATYA;PÖTÜRGE;0,5;0,4
MALATYA;DOĞANYOL;0,5;0,4
MALATYA;KALE (MALATYA);0,5;0,4
MALATYA;KULUNCAK;0,5;0,4
TUNCELİ;TUNCELİ;1,5;0,6
TUNCELİ;ÇEMİŞKEZEK;0,5;0,4
TUNCELİ;HOZAT;0,5;0,4
TUNCELİ;MAZGİRT;0,5;0,4
TUNCELİ;NAZİMİYE;0,5;0,4
TUNCELİ;OVACIK (TUNCELİ);0,5;0,4
TUNCELİ;PERTEK;0,5;0,4
TUNCELİ;PÜLÜMÜR;0,5;0,4
AFYON;AFYON;2,5;0,9
AFYON;BOLVADİN;1,5;0,7
AFYON;ÇAY;1,5;0,6
AFYON;DİNAR;2;0,7
AFYON;EMİRDAĞ;1,5;0,7
AFYON;SANDIKLI;2;0,7
AFYON;SULTANDAĞI;1,5;0,7
AFYON;ŞUHUT;1,5;0,6
AFYON;DAZKIRI;1;0,6
AFYON;İHSANİYE;1;0,6
AFYON;BAŞMAKÇI;1;0,6
AFYON;BAYAT (AFYON);0,5;0,6
AFYON;İSCEHİSAR;1;0,6
AFYON;ÇOBANLAR;1;0,6
AFYON;EVCİLER;1;0,6
AFYON;SİNANPAŞA;0,5;0,6
AFYON;HOCALAR;0,5;0,6
AFYON;KIZILÖREN;0,5;0,6
BİLECİK;BİLECİK;2;0,7
BİLECİK;BOZÜYÜK;2;1,2
BİLECİK;GÖLPAZARI;1;0,6
BİLECİK;OSMANELİ;1;0,7
BİLECİK;PAZARYERİ;1;0,5
BİLECİK;SÖĞÜT;1;0,7
BİLECİK;İNHİSAR;0,5;0,6
BİLECİK;YENİPAZAR (BİLECİK);0,5;0,6
ESKİŞEHİR;ODUNPAZARI;2,5;1,5
ESKİŞEHİR;TEPEBAŞI;2,5;1,5
ESKİŞEHİR;SİVRİHİSAR;1,5;0,7
ESKİŞEHİR;ÇİFTELER;1;0,7
ESKİŞEHİR;MAHMUDİYE;1;0,7
ESKİŞEHİR;MİHALIÇCIK;1;0,6
ESKİŞEHİR;SARICAKAYA;0,5;0,6
ESKİŞEHİR;SEYİTGAZİ;1,5;0,6
ESKİŞEHİR;ALPU;1;0,6
ESKİŞEHİR;BEYLİKOVA;1;0,6
ESKİŞEHİR;İNÖNÜ;1;0,6
ESKİŞEHİR;GÜNYÜZÜ;1;0,6
ESKİŞEHİR;MİHALGAZİ;0,5;0,6
ESKİŞEHİR;HAN;0,5;0,5
KÜTAHYA;KÜTAHYA;2;0,9
KÜTAHYA;GEDİZ;1;0,7
KÜTAHYA;SİMAV;1;0,7
KÜTAHYA;TAVŞANLI;1,5;0,7
KÜTAHYA;ALTINTAŞ;1;0,7
KÜTAHYA;EMET;1;0,7
KÜTAHYA;HİSARCIK;1;0,7
KÜTAHYA;ÇAVDARHİSAR;1;0,6
KÜTAHYA;DOMANİÇ;0,5;0,6
KÜTAHYA;ASLANAPA;0,5;0,6
KÜTAHYA;ŞAPHANE;0,5;0,6
KÜTAHYA;DUMLUPINAR;0,5;0,6
KÜTAHYA;PAZARLAR;0,5;0,5
DENİZLİ;MERKEZEFENDİ;2,5;1,5
DENİZLİ;ÇİVRİL;2;0,7
DENİZLİ;TAVAS;2;1
DENİZLİ;SARAYKÖY;1,5;0,7
DENİZLİ;ACIPAYAM;1,5;0,6
DENİZLİ;BULDAN;1,5;0,6
DENİZLİ;ÇAL;1,5;0,7
DENİZLİ;HONAZ;1,5;0,6
DENİZLİ;SERİNHİSAR;1;0,6
DENİZLİ;ÇAMELİ;1;0,6
DENİZLİ;ÇARDAK;1;0,6
DENİZLİ;GÜNEY;1;0,6
DENİZLİ;KALE (DENİZLİ);1;0,6
DENİZLİ;BEKİLLİ;1;0,6
DENİZLİ;PAMUKKALE;2,5;0,5
DENİZLİ;BAKLAN;1;0,5
DENİZLİ;BOZKURT(DENİZLİ);1;0,5
DENİZLİ;BABADAĞ;0,5;0,6
DENİZLİ;BEYAĞAÇ;0,5;0,7
MUĞLA;MENTEŞE;2,5;1,5
MUĞLA;SEYDİKEMER;2,5;1,5
MUĞLA;BODRUM;2,5;2
MUĞLA;FETHİYE;2,5;1,5
MUĞLA;MARMARİS;2,5;2
MUĞLA;MİLAS;2,5;1,2
MUĞLA;DALAMAN;2;1,5
MUĞLA;DATÇA;2;1,2
MUĞLA;KÖYCEĞİZ;2;1,2
MUĞLA;ORTACA;2;0,9
MUĞLA;ULA;1,5;0,9
MUĞLA;YATAĞAN;1,5;0,7
MUĞLA;KAVAKLIDERE;1;0,7
UŞAK;UŞAK;2;0,9
UŞAK;BANAZ;1,5;0,6
UŞAK;EŞME;1,5;0,6
UŞAK;SİVASLI;1,5;0,6
UŞAK;KARAHANLI;1;0,6
UŞAK;ULUBEY (UŞAK);1;0,6
BARTIN;BARTIN;2;1,2
BARTIN;AMASRA;1;1
BARTIN;KURUCAŞİLE;0,5;1
BARTIN;ULUS;0,5;0,5
KARABÜK;KARABÜK;2;1,2
KARABÜK;SAFRANBOLU;1,5;1
KARABÜK;ESKİPAZAR;1;0,5
KARABÜK;YENİCE (KARABÜK);1;0,5
KARABÜK;EFLANİ;0,5;0,5
KARABÜK;OVACIK (KARABÜK);0,5;0,5
KASTAMONU;KASTAMONU;2;1
KASTAMONU;ARAÇ;1,6;0,6
KASTAMONU;TAŞKÖPRÜ;1;1
KASTAMONU;TOSYA;1,5;1
KASTAMONU;ABANA;1;0,9
KASTAMONU;BOZKURT(KASTAMONU);1;0,9
KASTAMONU;CİDE;1;1
KASTAMONU;ÇATALZEYTİN;1;0,9
KASTAMONU;DEVREKANİ;1;0,6
KASTAMONU;İNEBOLU;1;1
KASTAMONU;AZDAVAY;0,5;0,5
KASTAMONU;DADAY;0,5;0,6
KASTAMONU;KÜRE;0,5;0,5
KASTAMONU;İHSANGAZİ;0,5;0,6
KASTAMONU;PINARBAŞI (KASTAMONU);0,5;0,5
KASTAMONU;ŞENPAZAR;0,5;0,5
KASTAMONU;AĞLI;0,5;0,5
KASTAMONU;DOĞANYURT;0,5;0,5
KASTAMONU;HANÖNÜ;0,5;0,6
KASTAMONU;SEYDİLER;0,5;0,6
ZONGULDAK;ZONGULDAK;2;1
ZONGULDAK;KOZLU;2;1
ZONGULDAK;KİLİMLİ;2;1
ZONGULDAK;ÇAYCUMA;1,5;1
ZONGULDAK;EREĞLİ (KDZ);2;1,2
ZONGULDAK;DEVREK;1,5;1
ZONGULDAK;ALAPLI;1,5;0,6
ZONGULDAK;GÖKÇEBEY;1;0,7
SİVAS;SİVAS;2,5;0,9
SİVAS;ŞARKIŞLA;1;0,7
SİVAS;DİVRİĞİ;1;0,5
SİVAS;GEMEREK;1;0,5
SİVAS;GÜRÜN;1;0,5
SİVAS;HAFİK;1;0,4
SİVAS;İMRANLI;1;0,4
SİVAS;KANGAL;1;0,4
SİVAS;SUŞEHRİ;1;0,5
SİVAS;YILDIZELİ;1;0,4
SİVAS;ZARA;1;0,5
SİVAS;ULAŞ;1;0,4
SİVAS;KOYULHİSAR;0,5;0,4
SİVAS;AKINCILAR;0,5;0,4
SİVAS;ALTINYAYLA (SİVAS);0,5;0,4
SİVAS;DOĞANŞAR;0,5;0,4
SİVAS;GÖLOVA;0,5;0,4
TOKAT;TOKAT;2;0,9
TOKAT;NİKSAR;1,5;0,7
TOKAT;TURHAL;2;0,9
TOKAT;ZİLE;2;0,9
TOKAT;ERBAA;1,5;0,9
TOKAT;ALMUS;1;0,6
TOKAT;ARTOVA;1;0,5
TOKAT;REŞADİYE;1;0,5
TOKAT;PAZAR (TOKAT);1;0,9
TOKAT;YEŞİLYURT (TOKAT);0,5;0,5
TOKAT;BAŞÇİFTLİK;0,5;0,5
TOKAT;SULUSARAY;0,5;0,5
ADIYAMAN;ADIYAMAN;2;1,2
ADIYAMAN;BESNİ;1,5;1,2
ADIYAMAN;GÖLBAŞI (ADIYAMAN);1;1,2
ADIYAMAN;KAHTA;1,5;0,6
ADIYAMAN;TUT;0,5;0,6
ADIYAMAN;ÇELİKHAN;0,5;0,6
ADIYAMAN;GERGER;0,5;0,6
ADIYAMAN;SAMSAT;0,5;0,6
ADIYAMAN;SİNCİK;0,5;0,6
MARDİN;ARTUKLU;2;0,6
MARDİN;KIZILTEPE;1,6;0,5
MARDİN;MİDYAT;1,6;0,4
MARDİN;NUSAYBİN;1;0,5
MARDİN;DERİK;0,5;0,5
MARDİN;MAZIDAĞI;0,5;0,4
MARDİN;DARGEÇİT;0,5;0,4
MARDİN;ÖMERLİ;0,5;0,4
MARDİN;SAVUR;0,5;0,4
MARDİN;YEŞİLLİ;0,5;0,4
ŞANLIURFA;EYYUBİYE;2,5;1,5
ŞANLIURFA;HALİLİYE;2,5;1,5
ŞANLIURFA;KARAKÖPRÜ;2,5;1,5
ŞANLIURFA;SİVEREK;1,5;1
ŞANLIURFA;VİRANŞEHİR;1,5;1
ŞANLIURFA;AKÇAKALE;1;0,9
ŞANLIURFA;BİRECİK;1,5;0,9
ŞANLIURFA;SURUÇ;1,5;0,9
ŞANLIURFA;BOZOVA;1;0,9
ŞANLIURFA;CEYLANPINAR;1;0,7
ŞANLIURFA;HALFETİ;1;0,9
ŞANLIURFA;HİLVAN;1;0,9
ŞANLIURFA;HARRAN;1;0,9
ÇORUM;ÇORUM;2,5;1
ÇORUM;ALACA;1,5;0,7
ÇORUM;İSKİLİP;1,5;0,7
ÇORUM;OSMANCIK;1,5;0,9
ÇORUM;SUNGURLU;1,5;0,9
ÇORUM;BAYAT(ÇORUM);1;0,5
ÇORUM;KARGI;1;0,5
ÇORUM;MECİTÖZÜ;1;0,7
ÇORUM;ORTAKÖY(ÇORUM);0,5;0,5
ÇORUM;BOĞAZKALE;0,5;0,5
ÇORUM;UĞURLUDAĞ;0,5;0,5
ÇORUM;DODURGA;0,5;0,5
ÇORUM;LAÇİN;0,5;0,5
ÇORUM;OĞUZLAR;0,5;0,5
YOZGAT;YOZGAT;2;1
YOZGAT;SORGUN;2;0,9
YOZGAT;AKDAĞMADENİ;1,5;0,7
YOZGAT;BOĞAZLIYAN;1,5;0,7
YOZGAT;SARIKAYA;1,5;0,7
YOZGAT;YERKÖY;1,5;0,9
YOZGAT;ÇAYIRALAN;1;0,5
YOZGAT;ÇEKEREK;1;0,5
YOZGAT;ŞEFAATLİ;1;0,5
YOZGAT;AYDINCIK(YOZGAT);0,5;0,5
YOZGAT;ÇANDIR;0,5;0,5
YOZGAT;KADIŞEHRİ;0,5;0,5
YOZGAT;SARAYKENT;0,5;0,5
YOZGAT;YENİFAKILI;0,5;0,5
ALMANYA;BERLİN;1,25;1,25
